,backbone_model,tuning_method,codebleu_mean,codebleu_std,p_val,rbc
0,CodeT5+ 220M,GVE + ABF,82.32,0.3,0.0,0.0
1,CodeT5+ 220M,Linear,83.08,0.07,5.413614604543538e-56,-0.9780183300858771
2,CodeT5+ 220M,No ABF,83.14,0.04,6.432163095501267e-72,-0.9769605345110697
3,CodeT5+ 220M,No GVE,77.07,8.62,1.2051601489018385e-24,0.6654049470474679
4,CodeT5+ 770M,GVE + ABF,81.16,0.71,0.0,0.0
5,CodeT5+ 770M,Linear,79.31,4.64,0.31882783163908124,0.3835272989144447
6,CodeT5+ 770M,No ABF,78.79,2.51,4.155117484888074e-05,0.27843714522118956
7,CodeT5+ 770M,No GVE,83.16,0.01,6.780521976931445e-30,-0.990473294821121
