,backbone_model,tuning_method,bleu-cn_mean,bleu-cn_std,p_val,rbc
0,CodeT5+ 220M,GVE + ABF,99.84,0.21,0.0,0.0
1,CodeT5+ 220M,Linear,99.54,0.09,0.33100956130919523,0.611217510259918
2,CodeT5+ 220M,No ABF,99.31,0.06,7.203945574158362e-07,0.7740974967061924
3,CodeT5+ 220M,No GVE,94.33,7.32,1.4513504625030033e-36,0.9607741250739354
4,CodeT5+ 770M,GVE + ABF,98.11,1.61,0.0,0.0
5,CodeT5+ 770M,Linear,99.17,0.42,7.164849706725604e-07,-0.24343384903492155
6,CodeT5+ 770M,No ABF,96.23,1.55,0.02102980310971488,0.28826372839425796
7,CodeT5+ 770M,No GVE,98.64,0.52,0.6732249593781541,0.028939301042305354
