,backbone_model,tuning_method,codebleu_mean,codebleu_std,p_val,rbc
0,CodeT5+ 220M,GVE + ABF,96.6,1.31,0.0,0.0
1,CodeT5+ 220M,Linear,91.76,0.36,2.0400797896021106e-07,0.9474747474747476
2,CodeT5+ 220M,No ABF,96.03,0.0,0.017811532166857855,0.32800608828006084
3,CodeT5+ 220M,No GVE,92.53,2.65,4.963900635543189e-07,0.957020757020757
4,CodeT5+ 770M,GVE + ABF,94.88,0.08,0.0,0.0
5,CodeT5+ 770M,Linear,90.4,0.02,6.290603473549569e-06,0.9107400535971966
6,CodeT5+ 770M,No ABF,97.78,0.0,0.0009218347217296402,-1.0
7,CodeT5+ 770M,No GVE,91.11,0.33,0.00016329351835198184,0.8719027582982701
